NS_chen_air_atk_start_01	SourceP00	5.0
NS_chen_air_atk_start_atk	SourceP00	0.1
NS_chen_air_atk_start_atk	SourceP01	0.1
NS_chen_air_atk_start_atk	SourceP02	0.15000000000000002
NS_chen_air_atk_start_atk	SourceP03	0.1
NS_chen_air_atk_start_atk	SourceP04	0.1
NS_chen_air_atk_start_atk	SourceP05	0.1
NS_chen_air_atk_start_atk	SourceP06	0.1
NS_chen_air_atk_start_atk	SourceP07	0.1
NS_chen_air_atk_start_atk	SourceP08	0.1
NS_chen_air_atk_start_atk	SourceP09	0.1
NS_chen_air_atk_start_atk	SourceP10	0.1
NS_chen_air_atk_start_atk	SourceP11	0.1
NS_chen_air_atk_start_atk	SourceP12	0.1
NS_chen_air_atk_start_atk	SourceTrailP12	1.005
NS_chen_air_atk_start_atk	SourceP13	0.1
NS_chen_attack_01_hit	SourceP00	0.1
NS_chen_attack_01_hit	SourceP01	0.1
NS_chen_attack_01_hit	SourceP02	0.1
NS_chen_attack_01_hit	SourceP03	0.1
NS_chen_attack_01_hit	SourceP04	0.1
NS_chen_attack_01_hit	SourceTrailP04	0.7749999999999999
NS_chen_attack_01_hit	SourceP05	0.1
NS_chen_attack_01_hit	SourceP06	0.1
NS_chen_attack_02_hit	SourceP00	0.1
NS_chen_attack_02_hit	SourceP01	0.1
NS_chen_attack_02_hit	SourceP02	0.1
NS_chen_attack_02_hit	SourceTrailP02	0.875
NS_chen_attack_02_hit	SourceP03	0.1
NS_chen_attack_02_hit	SourceP04	0.1
NS_chen_attack_02_hit	SourceP05	0.1
NS_chen_attack_02_hit	SourceP06	0.1
NS_chen_attack_02_hit	SourceP07	0.1
NS_chen_attack_02_start	SourceP00	0.1
NS_chen_attack_02_start	SourceP01	0.12000000000000001
NS_chen_attack_02_start	SourceP02	0.1
NS_chen_attack_02_start	SourceP03	0.1
NS_chen_attack_02_start	SourceP04	0.18
NS_chen_attack_02_start	SourceP05	0.185
NS_chen_attack_02_start	SourceP06	0.1
NS_chen_attack_02_start	SourceP07	0.185
NS_chen_attack_02_start	SourceP08	0.1
NS_chen_attack_02_start2	SourceP00	0.15
NS_chen_attack_02_start2	SourceP01	0.15000000000000002
NS_chen_attack_02_start2	SourceP02	0.1
NS_chen_attack_02_start2	SourceP03	0.15
NS_chen_attack_03_hit	SourceP00	0.1
NS_chen_attack_03_hit	SourceP01	0.1
NS_chen_attack_03_hit	SourceP02	0.1
NS_chen_attack_03_hit	SourceP03	0.1
NS_chen_attack_03_hit	SourceTrailP03	0.7749999999999999
NS_chen_attack_03_hit	SourceP04	0.1
NS_chen_attack_03_hit	SourceP05	0.1
NS_chen_attack_03_hit	SourceP06	0.1
NS_chen_attack_03_hit	SourceP07	0.1
NS_chen_attack_03_hit2	SourceP00	0.1
NS_chen_attack_03_hit2	SourceP01	0.1
NS_chen_attack_03_hit2	SourceP02	0.1
NS_chen_attack_03_hit2	SourceTrailP02	0.9749999999999999
NS_chen_attack_03_hit2	SourceP03	0.1
NS_chen_attack_03_hit2	SourceP04	0.1
NS_chen_attack_03_hit2	SourceP05	0.1
NS_chen_attack_03_hit2	SourceP06	0.1
NS_chen_attack_03_hit2	SourceP07	0.1
NS_chen_attack_03_start	SourceP00	0.1
NS_chen_attack_03_start	SourceP01	0.185
NS_chen_attack_03_start	SourceP02	0.15
NS_chen_attack_03_start	SourceP03	0.1
NS_chen_attack_03_start2	SourceP00	0.15
NS_chen_attack_03_start2	SourceP01	0.15000000000000002
NS_chen_attack_03_start2	SourceP02	0.15000000000000002
NS_chen_attack_03_start2	SourceP03	0.3
NS_chen_attack_03_start2	SourceP04	0.15
NS_chen_attack_03_start_right	SourceP00	0.185
NS_chen_attack_03_start_right	SourceP01	0.1
NS_chen_attack_03_start_right	SourceP02	0.1
NS_chen_attack_03_start_right	SourceP03	0.18
NS_chen_attack_03_start_right	SourceP04	0.12000000000000001
NS_chen_attack_03_start_right	SourceP05	0.1
NS_chen_attack_04_start	SourceP00	0.1
NS_chen_attack_04_start	SourceP01	0.1
NS_chen_attack_04_start	SourceP02	0.1
NS_chen_attack_04_start	SourceP03	0.2
NS_chen_attack_04_start2	SourceP00	0.15
NS_chen_attack_04_start2	SourceP01	0.1
NS_chen_attack_04_start2	SourceP02	0.15
NS_chen_attack_04_start2	SourceP03	0.15000000000000002
NS_chen_attack_04_start_right	SourceP00	0.1
NS_chen_attack_04_start_right	SourceP01	0.1
NS_chen_attack_04_start_right	SourceP02	0.1
NS_chen_attack_04_start_right	SourceP03	0.1
NS_chen_attack_04_start_right	SourceP04	0.1
NS_chen_attack_04_start_right	SourceP05	0.15000000000000002
NS_chen_attack_04_start_right	SourceP06	0.1
NS_chen_attack_05_start	SourceP00	0.1
NS_chen_attack_05_start	SourceP01	0.1
NS_chen_attack_05_start	SourceP02	0.1
NS_chen_attack_05_start	SourceP03	0.1
NS_chen_attack_05_start	SourceP04	0.1
NS_chen_attack_05_start	SourceP05	0.1
NS_chen_attack_05_start	SourceP06	0.1
NS_chen_attack_05_start	SourceP07	0.15000000000000002
NS_chen_attack_05_start	SourceP08	0.1
NS_chen_attack_05_start	SourceP09	0.1
NS_chen_attack_05_start	SourceP10	0.1
NS_chen_attack_05_start	SourceP11	0.15000000000000002
NS_chen_attack_05_start2	SourceP00	0.15
NS_chen_attack_05_start2	SourceP01	0.1
NS_chen_attack_05_start2	SourceP02	0.15
NS_chen_attack_05_start2	SourceP03	0.1
NS_chen_attack_05_start2	SourceP04	0.15
NS_chen_attack_05_start3	SourceP00	0.1
NS_chen_attack_05_start3	SourceP01	0.1
NS_chen_attack_05_start3	SourceP02	0.1
NS_chen_attack_05_start3	SourceP03	0.1
NS_chen_attack_05_start3	SourceP04	0.1
NS_chen_attack_05_start3	SourceP05	0.16
NS_chen_attack_05_start3	SourceTrailP05	1.96
NS_chen_attack_05_start3	SourceP06	0.1
NS_chen_attack_05_start3	SourceP07	0.1
NS_chen_attack_05_start3	SourceP08	0.1
NS_chen_attack_power_start	SourceP00	0.3
NS_chen_attack_power_start	SourceP01	0.075
NS_chen_attack_power_start	SourceTrailP01	1.08
NS_chen_attack_power_start	SourceP02	0.27
NS_chen_attack_power_start	SourceP03	0.27
NS_chen_attack_power_start	SourceP04	0.18
NS_chen_attack_power_start2	SourceP00	0.1
NS_chen_attack_power_start2	SourceP01	0.15000000000000002
NS_chen_attack_power_start2	SourceP02	0.18
NS_chen_attack_power_start2	SourceP03	0.1
NS_chen_attack_power_start2	SourceP04	0.1
NS_chen_attack_power_start2	SourceP05	0.1
NS_chen_attack_power_start2	SourceP06	0.1
NS_chen_attack_power_start2	SourceP07	0.1
NS_chen_attack_power_start2	SourceP08	0.1
NS_chen_attack_power_start2	SourceP09	0.15000000000000002
NS_chen_attack_power_start2	SourceP10	0.1
NS_chen_attack_power_start2	SourceP11	0.1
NS_chen_attack_power_start2	SourceP12	0.1
NS_chen_attack_power_start2	SourceP13	0.15000000000000002
NS_chen_attack_power_start2	SourceP14	0.1
NS_chen_combo_skill	SourceP00	0.15000000000000002
NS_chen_combo_skill	SourceP01	0.13
NS_chen_combo_skill	SourceP02	0.3
NS_chen_combo_skill	SourceP03	0.22
NS_chen_combo_skill	SourceP04	0.15000000000000002
NS_chen_combo_skill	SourceP05	0.18
NS_chen_combo_skill	SourceP06	0.1
NS_chen_combo_skill	SourceP07	0.15
NS_chen_combo_skill	SourceP08	0.1
NS_chen_combo_skill	SourceP09	0.1
NS_chen_combo_skill	SourceP10	0.3
NS_chen_combo_skill	SourceP11	0.1
NS_chen_combo_skill	SourceP12	0.13
NS_chen_combo_skill	SourceP13	0.15000000000000002
NS_chen_combo_skill	SourceP14	0.1
NS_chen_combo_skill	SourceP15	0.15000000000000002
NS_chen_combo_skill	SourceP16	0.1
NS_chen_combo_skill	SourceP17	0.1
NS_chen_combo_skill_hit	SourceP00	0.1
NS_chen_combo_skill_hit	SourceP01	0.1
NS_chen_combo_skill_hit	SourceP02	0.1
NS_chen_exhibit_03_cut_01	SourceP00	0.15000000000000002
NS_chen_exhibit_03_cut_01	SourceP01	0.1
NS_chen_exhibit_03_cut_01	SourceP02	0.1
NS_chen_exhibit_03_cut_01	SourceP03	0.1
NS_chen_exhibit_03_cut_01	SourceP04	0.1
NS_chen_exhibit_03_cut_01	SourceP05	0.1
NS_chen_exhibit_03_cut_01	SourceP06	0.15000000000000002
NS_chen_exhibit_03_cut_01	SourceP07	0.1
NS_chen_exhibit_03_cut_01	SourceP08	0.1
NS_chen_exhibit_03_cut_01	SourceP09	0.13
NS_chen_exhibit_03_cut_01	SourceP10	0.15000000000000002
NS_chen_exhibit_03_cut_01	SourceP11	0.15
NS_chen_exhibit_03_cut_02	SourceP00	0.1
NS_chen_exhibit_03_cut_02	SourceP01	0.15000000000000002
NS_chen_exhibit_03_cut_02	SourceP02	0.1
NS_chen_exhibit_03_cut_02	SourceP03	0.1
NS_chen_exhibit_03_cut_02	SourceP04	0.1
NS_chen_exhibit_03_cut_02	SourceP05	0.1
NS_chen_exhibit_03_cut_02	SourceP06	0.15000000000000002
NS_chen_exhibit_03_cut_02	SourceP07	0.15
NS_chen_exhibit_03_cut_02	SourceP08	0.1
NS_chen_exhibit_03_cut_02	SourceP09	0.15000000000000002
NS_chen_exhibit_03_cut_02	SourceP10	0.1
NS_chen_exhibit_03_cut_02	SourceP11	0.1
NS_chen_exhibit_03_cut_02_2	SourceP00	0.1
NS_chen_exhibit_03_cut_02_2	SourceP01	0.1
NS_chen_exhibit_03_cut_02_2	SourceP02	0.1
NS_chen_exhibit_03_cut_02_2	SourceP03	0.1
NS_chen_exhibit_03_cut_02_2	SourceP04	0.15000000000000002
NS_chen_exhibit_03_cut_02_2	SourceP05	0.1
NS_chen_exhibit_03_cut_02_2	SourceP06	0.1
NS_chen_exhibit_03_cut_02_2	SourceP07	0.15
NS_chen_exhibit_03_cut_02_2	SourceP08	0.1
NS_chen_exhibit_03_cut_02_2	SourceP09	0.1
NS_chen_exhibit_03_cut_03	SourceP00	0.15
NS_chen_exhibit_03_cut_03	SourceP01	0.1
NS_chen_exhibit_03_cut_03	SourceP02	0.1
NS_chen_exhibit_03_cut_03	SourceP03	0.1
NS_chen_exhibit_03_cut_03	SourceP04	0.1
NS_chen_exhibit_03_cut_03	SourceP05	0.1
NS_chen_exhibit_03_cut_03	SourceP06	0.1
NS_chen_exhibit_03_cut_03	SourceP07	0.15000000000000002
NS_chen_exhibit_03_cut_03	SourceP08	0.15000000000000002
NS_chen_exhibit_03_cut_03	SourceP09	0.1
NS_chen_exhibit_03_cut_03	SourceP10	0.15000000000000002
NS_chen_exhibit_03_cut_03	SourceP11	0.1
NS_chen_exhibit_03_cut_04	SourceP00	0.1
NS_chen_exhibit_03_cut_04	SourceP01	0.15000000000000002
NS_chen_exhibit_03_cut_04	SourceP02	0.1
NS_chen_exhibit_03_cut_04	SourceP03	0.1
NS_chen_exhibit_03_cut_04	SourceP04	0.1
NS_chen_exhibit_03_cut_04	SourceP05	0.15000000000000002
NS_chen_exhibit_03_cut_04	SourceP06	0.1
NS_chen_exhibit_03_cut_04	SourceP07	0.15000000000000002
NS_chen_exhibit_03_cut_04	SourceP08	0.1
NS_chen_exhibit_03_cut_04	SourceP09	0.15
NS_chen_exhibit_03_cut_04	SourceP10	0.1
NS_chen_exhibit_03_cut_04	SourceP11	0.1
NS_chen_exhibit_03_cut_07	SourceP00	0.1
NS_chen_exhibit_03_cut_07	SourceP01	0.1
NS_chen_exhibit_03_cut_07	SourceP02	0.1
NS_chen_exhibit_03_cut_07	SourceP03	0.1
NS_chen_exhibit_03_cut_07	SourceP04	0.1
NS_chen_exhibit_03_cut_07	SourceP05	0.15
NS_chen_exhibit_03_cut_07	SourceP06	0.1
NS_chen_exhibit_03_cut_07	SourceP07	0.15000000000000002
NS_chen_exhibit_03_cut_07	SourceP08	0.1
NS_chen_exhibit_03_cut_07	SourceP09	0.1
NS_chen_exhibit_03_cut_07	SourceP10	0.15000000000000002
NS_chen_exhibit_03_cut_07	SourceP11	0.1
NS_chen_exhibit_03_cut_07	SourceP12	0.15000000000000002
NS_chen_exhibit_03_cut_07	SourceP13	0.1
NS_chen_exhibit_03_cut_07	SourceP14	0.15000000000000002
NS_chen_exhibit_03_cut_07	SourceP15	0.1
NS_chen_exhibit_03_cut_07	SourceP16	0.15
NS_chen_exhibit_03_cut_07	SourceP17	0.1
NS_chen_exhibit_03_cut_07	SourceP18	0.1
NS_chen_exhibit_03_cut_07	SourceP19	0.1
NS_chen_exhibit_03_cut_08	SourceP00	0.1
NS_chen_exhibit_03_cut_08	SourceP01	0.1
NS_chen_exhibit_03_cut_08	SourceP02	0.1
NS_chen_exhibit_03_cut_08	SourceP03	0.1
NS_chen_exhibit_03_cut_08	SourceP04	0.1
NS_chen_exhibit_03_cut_08	SourceP05	0.1
NS_chen_exhibit_03_cut_08	SourceP06	0.1
NS_chen_exhibit_03_cut_08	SourceP07	0.1
NS_chen_exhibit_03_cut_08	SourceP08	0.18
NS_chen_exhibit_03_cut_08	SourceP09	0.1
NS_chen_exhibit_03_cut_08	SourceP10	0.1
NS_chen_exhibit_03_cut_08	SourceP11	0.1
NS_chen_exhibit_03_cut_08	SourceP12	0.1
NS_chen_exhibit_03_cut_08	SourceP13	0.1
NS_chen_exhibit_03_cut_08	SourceP14	0.1
NS_chen_exhibit_03_cut_08	SourceP15	0.18
NS_chen_exhibit_03_cut_08	SourceP16	0.1
NS_chen_exhibit_03_cut_08	SourceP17	0.1
NS_chen_exhibit_03_cut_08	SourceP18	0.1
NS_chen_exhibit_03_hit	SourceP00	0.1
NS_chen_exhibit_03_hit	SourceP01	0.1
NS_chen_exhibit_03_hit	SourceP02	0.12
NS_chen_exhibit_03_hit	SourceTrailP02	1.52
NS_chen_exhibit_03_hit	SourceP03	0.1
NS_chen_exhibit_03_start_01	SourceP00	0.1
NS_chen_exhibit_03_start_01	SourceP01	0.75
NS_chen_exhibit_03_start_01	SourceP02	0.1
NS_chen_exhibit_03_start_01	SourceP03	0.1
NS_chen_exhibit_03_start_01	SourceP04	0.1
NS_chen_exhibit_03_start_01	SourceP05	1.0
NS_chen_exhibit_03_start_01	SourceP06	0.1
NS_chen_exhibit_03_start_01	SourceP07	0.1
NS_chen_exhibit_03_start_01	SourceP08	0.4
NS_chen_exhibit_03_start_01	SourceP09	0.1
NS_chen_exhibit_03_start_01	SourceP10	0.5
NS_chen_exhibit_03_start_01	SourceP11	0.1
NS_chen_exhibit_03_start_01	SourceP12	0.15
NS_chen_exhibit_03_start_01	SourceP13	0.3
NS_chen_exhibit_03_start_01	SourceP14	0.1
NS_chen_exhibit_03_start_01	SourceP15	0.1
NS_chen_exhibit_03_start_01	SourceP16	0.1
NS_chen_exhibit_03_start_02	SourceP00	0.1
NS_chen_exhibit_03_start_02	SourceP01	0.1
NS_chen_exhibit_03_start_02	SourceP02	0.15000000000000002
NS_chen_exhibit_03_start_02	SourceP03	0.1
NS_chen_exhibit_03_start_02	SourceP04	0.1
NS_chen_exhibit_03_start_03	SourceP00	1.0330000000000001
NS_chen_exhibit_03_start_03	SourceP01	1.0
NS_chen_exhibit_03_start_03	SourceP02	0.15000000000000002
NS_chen_exhibit_start_01_beijing	SourceP00	0.1
NS_chen_exhibit_start_01_beijing	SourceP01	0.1
NS_chen_exhibit_start_01_beijing	SourceP02	0.1
NS_chen_exhibit_start_01_beijing	SourceP03	0.5
NS_chen_exhibit_start_01_beijing	SourceP04	0.1
NS_chen_exhibit_start_01_beijing	SourceP05	0.1
NS_chen_exhibit_start_01_beijing	SourceP06	0.1
NS_chen_exhibit_start_01_beijing	SourceP07	0.1
NS_chen_exhibit_start_01_beijing	SourceP08	0.1
NS_chen_exhibit_start_01_beijing	SourceP09	0.8
NS_chen_skill_01	SourceP00	0.1
NS_chen_skill_01	SourceP01	0.1
NS_chen_skill_01	SourceP02	0.1
NS_chen_skill_01	SourceP03	0.1
NS_chen_skill_01	SourceP04	0.15000000000000002
NS_chen_skill_01	SourceP05	0.18
NS_chen_skill_01	SourceP06	0.1
NS_chen_skill_01	SourceP07	0.1
NS_chen_skill_01	SourceP08	0.15000000000000002
NS_chen_skill_01	SourceP09	0.1
NS_chen_skill_01	SourceP10	0.1
NS_chen_skill_01	SourceP11	0.25
NS_chen_skill_01	SourceP12	0.15000000000000002
NS_chen_skill_01	SourceP13	0.1
NS_chen_skill_01	SourceP14	0.2
NS_chen_skill_01_hit	SourceP00	0.1
NS_chen_skill_01_hit	SourceP01	0.1
NS_chen_skill_01_hit	SourceP02	0.1
NS_chen_skill_01_hit	SourceP03	0.075
NS_chen_skill_01_hit	SourceTrailP03	0.75
NS_chen_skill_01_hit	SourceP04	0.1
NS_chen_skill_01_hit	SourceP05	0.1
NS_chen_skill_01_hit	SourceP06	0.1
NS_chen_skill_01_hit	SourceP07	0.12000000000000001
NS_chen_skill_01_hit	SourceP08	0.1
NS_common_teleport_01_start_ready	SourceP00	0.1
NS_common_teleport_01_start_ready	SourceP01	0.1
NS_fxbat_chen_attack_05_dash	SourceP00	0.1
NS_fxbat_chen_attack_05_dash	SourceP01	0.1
NS_fxbat_chen_attack_05_dash	SourceP02	0.2
NS_fxbat_chen_attack_05_dash	SourceTrailP02	0.75
NS_fxbat_chen_attack_05_dash	SourceP03	0.1
NS_fxbat_chen_attack_05_dash	SourceP04	0.1
NS_fxbat_chen_attack_05_dash	SourceP05	0.1
NS_fxbat_chen_attack_05_dash	SourceP06	0.2
NS_fxbat_chen_attack_05_dash	SourceP07	0.2
NS_fxbat_chen_attack_05_hit	SourceP00	0.1
NS_fxbat_chen_attack_05_hit	SourceP01	0.1
NS_fxbat_chen_attack_05_hit	SourceP02	0.1
NS_fxbat_chen_attack_05_hit	SourceTrailP02	0.9749999999999999
NS_fxbat_chen_attack_05_hit	SourceP03	0.1
NS_fxbat_chen_attack_05_hit	SourceTrailP03	0.9749999999999999
NS_fxbat_chen_attack_05_hit	SourceP04	0.1
NS_fxbat_chen_attack_05_hit	SourceP05	0.1
NS_fxbat_chen_attack_05_hit	SourceP06	0.1
NS_fxbat_chen_attack_05_hit	SourceP07	0.1
NS_fxbat_chen_attack_05_hit	SourceP08	0.1
NS_fxbat_chen_attack_05_hit	SourceP09	0.1
NS_fxbat_chen_common_hit_01	SourceP00	0.1
NS_fxbat_chen_common_hit_01	SourceP01	0.1
NS_fxbat_chen_common_hit_01	SourceTrailP01	0.7749999999999999
NS_fxbat_chen_common_hit_01	SourceP02	0.1
NS_fxbat_chen_common_hit_01	SourceP03	0.1
NS_fxbat_chen_common_hit_01	SourceP04	0.1
NS_fxbat_chen_common_hit_01	SourceP05	0.1
NS_fxbat_chen_common_hit_01	SourceP06	0.1
NS_fxbat_chen_common_hit_01	SourceP07	0.1
NS_fxbat_chen_common_hit_01	SourceP08	0.1
NS_fxbat_chen_common_hit_01	SourceP09	0.1
NS_fxbat_chen_common_hit_01	SourceP10	0.1
NS_fxbat_chen_common_hit_01	SourceTrailP10	0.7749999999999999
NS_fxbat_chen_common_hit_02	SourceP00	0.1
NS_fxbat_chen_common_hit_02	SourceP01	0.1
NS_fxbat_chen_common_hit_02	SourceP02	0.1
NS_fxbat_chen_common_hit_02	SourceTrailP02	0.7749999999999999
NS_fxbat_chen_common_hit_02	SourceP03	0.1
NS_fxbat_chen_common_hit_02	SourceP04	0.1
NS_fxbat_chen_common_hit_02	SourceP05	0.1
NS_fxbat_chen_common_hit_02	SourceTrailP05	0.7749999999999999
NS_fxbat_chen_common_hit_02	SourceP06	0.1
NS_fxbat_chen_common_hit_02	SourceP07	0.1
NS_fxbat_chen_common_hit_02	SourceP08	0.1
NS_fxbat_chen_common_hit_02	SourceP09	0.1
NS_fxbat_chen_common_hit_02	SourceTrailP09	0.7749999999999999
NS_fxbat_chen_common_hit_02	SourceP10	0.1
